[
  {
    "id": 1,
    "title": "First Blog Post",
    "description": "A short description for the first blog post.",
    "content": "Here is the full content of the first blog post."
  },
  {
    "id": 2,
    "title": "Second Blog Post",
    "description": "A short description for the second blog post.",
    "content": "Here is the full content of the second blog post."
  },
  {
    "id": 3,
    "title": "Third Blog Post",
    "description": "A short description for the third blog post.",
    "content": "Here is the full content of the third blog post."
  }
]
